accident_year,development_period,paid_losses,cdf,pct_unreported,earned_premium,expected_loss_ratio,expected_unreported,bf_ultimate,bf_ibnr,bf_ultimate_lr
2020,60,54565176,1,0,74000000,0.72,0,54565176,0,0.737
2021,48,54018300,1.0126,0.0124,76960000,0.72,687098.88,54705399,687099,0.711
2022,36,56218629,1.0576,0.0545,80038400.00000001,0.72,3140706.8160000006,59359336,3140707,0.742
2023,24,53703828,1.1827,0.1545,83239936,0.72,9259610.48064,62963438,9259610,0.756
2024,12,42299734,1.5401,0.3507,86569533.44000001,0.72,21859153.471733764,64158887,21859153,0.741
